{
"policies" :{
		"ON" : [
			{"id":"E03-1435","value":"E03-1435","group":"TEST"},
			{"id":"E03-1440","value":"E03-1440","group":"TEST"},
			{"id":"E03-1442","value":"E03-1442","group":"TEST"},
			{"id":"E03-1447","value":"E03-1447","group":"TEST"},
			{"id":"E03-1456","value":"E03-1456","group":"TEST"},
			{"id":"E03-1457","value":"E03-1457","group":"TEST"},
			{"id":"E03-1458","value":"E03-1458","group":"TEST"},
			{"id":"E03-1459","value":"E03-1459","group":"TEST"},
			{"id":"E03-1460","value":"E03-1460","group":"TEST"},
			{"id":"E03-1465","value":"E03-1465","group":"TEST"},
			{"id":"E03-1468","value":"E03-1468","group":"TEST"},
			{"id":"E03-1469","value":"E03-1469","group":"TEST"},
			{"id":"E03-1470","value":"E03-1470","group":"TEST"},
			{"id":"E03-1471","value":"E03-1471","group":"TEST"},
			{"id":"E03-1467","value":"E03-1467","group":"TEST"},
			{"id":"E03-1466","value":"E03-1466","group":"TEST"},
			{"id":"E03-1449","value":"E03-1449","group":"TEST"},
			{"id":"R03-0364","value":"R03-0364","group":"TEST"},
			{"id":"E03-1567","value":"E03-1567","group":"TEST"},
			{"id":"E03-1569","value":"E03-1569","group":"TEST"},
			{"id":"E03-1574","value":"E03-1574","group":"TEST"},
			{"id":"E03-1575","value":"E03-1575","group":"TEST"},
			{"id":"E03-1580","value":"E03-1580","group":"TEST"},
			{"id":"E03-1581","value":"E03-1581","group":"TEST"},
			{"id":"E03-1590","value":"Bruno-1590","group":"REST"},
			{"id":"E03-1595","value":"Bruno-1595","group":"REST"},
			{"id":"E03-1592","value":"Patrick-E03-1592","group":"REST"},
			{"id":"E03-1593","value":"Patrick-E03-1593","group":"REST"},
			{"id":"E03-1596","value":"Sach-E03-1596","group":"REST"},
			{"id":"E03-1597","value":"Sach-E03-1597","group":"REST"},
			{"id":"E03-1598","value":"Serge-E03-1598","group":"REST"},
			{"id":"E03-1599","value":"Serge-E03-1599","group":"REST"},
			{"id":"E03-1604","value":"Claude-E03-1604","group":"UI"},
			{"id":"E03-1605","value":"Claude-E03-1605","group":"UI"},
			{"id":"E03-1602","value":"Catalin-E03-1602","group":"UI"},
			{"id":"E03-1603","value":"Catalin-E03-1603","group":"UI"},
			{"id":"E03-1329","value":"Sarah-E03-1329","group":"UI"},
			{"id":"E03-1600","value":"Sarah-E03-1600","group":"UI"},
			{"id":"E03-1594","value":"Sebastien-E03-1594","group":"UI"},
			{"id":"E03-1601","value":"Sebastien-E03-1601","group":"UI"},
			{"id":"E03-1572","value":"E03-1572","group":"SOAPUI"},
			{"id":"E03-1573","value":"E03-1573","group":"SOAPUI"},
			{"id":"E03-1577","value":"E03-1577","group":"SOAPUI"},
			{"id":"E03-1566","value":"E03-1566","group":"SOAPUI"},
			{"id":"E02-8578","value":"E02-8578","group":"SOAPUI"},
			{"id":"E03-1635","value":"E03-1635","group":"SOAPUI"},
			{"id":"E03-1634","value":"E03-1634","group":"SOAPUI"},
			{"id":"E03-1630","value":"E03-1630","group":"SOAPUI"},
			{"id":"E03-2930","value":"E03-2930","group":"SOAPUI"},
			{"id":"E03-3220","value":"E03-3220","group":"SOAPUI"},
			{"id":"E03-1623","value":"E03-1623","group":"SOAPUI"},
			{"id":"E03-1624","value":"E03-1624","group":"SOAPUI"},
			{"id":"E03-1625","value":"E03-1625","group":"SOAPUI"},
			{"id":"E03-3355","value":"E03-3355","group":"SOAPUI"},
			{"id":"E03-3358","value":"E03-3358","group":"SOAPUI"},
			{"id":"E03-1633","value":"E03-1633","group":"SOAPUI"},
			{"id":"E03-1591","value":"Isabelle-E03-1591","group":"BA"},
			{"id":"E03-1606","value":"Isabelle-E03-1606","group":"BA"},
			{"id":"E03-1607","value":"Line-E03-1607","group":"BA"},
			{"id":"E03-1608","value":"Line-E03-1608","group":"BA"},
			{"id":"E03-1611","value":"Edith-E03-1611","group":"BA"},
			{"id":"E03-1612","value":"Edith-E03-1612","group":"BA"},
			{"id":"E03-1613","value":"Genevieve-E03-1613","group":"BA"},
			{"id":"E03-1614","value":"Genevieve-E03-1614","group":"BA"},
			{"id":"E03-1609","value":"Marco-E03-1609","group":"BA"},
			{"id":"E03-1610","value":"Marco-E03-1610","group":"BA"}
		],
		"QC" : [
			{"id":"E03-8012","value":"Line-E03-8012","group":"BA"},
			{"id":"E03-8014","value":"Line-E03-8014","group":"BA"},
			{"id":"E03-8015","value":"Line-E03-8015","group":"BA"},
			{"id":"E03-8016","value":"Line-E03-8016","group":"BA"},
			{"id":"E03-8027","value":"Patrick-E03-8027","group":"REST"},
			{"id":"E03-8028","value":"Patrick-E03-8028","group":"REST"},
			{"id":"E03-8029","value":"Patrick-E03-8029","group":"REST"},
			{"id":"E03-8030","value":"Patrick-E03-8030","group":"REST"},
			{"id":"E03-8019","value":"Bruno-E03-8019","group":"REST"},
			{"id":"E03-8021","value":"Bruno-E03-8021","group":"REST"},
			{"id":"E03-8025","value":"Bruno-E03-8025","group":"REST"},
			{"id":"E03-8026","value":"Bruno-E03-8026","group":"REST"},
			{"id":"E03-8017","value":"Steph-E03-8017","group":"REST"},
			{"id":"E03-8018","value":"Steph-E03-8018","group":"REST"},
			{"id":"E03-8050","value":"Guillaume-E03-8050","group":"REST"},
			{"id":"E03-8053","value":"Guillaume-E03-8053","group":"REST"},
			{"id":"E03-8032","value":"Sarah-E03-8032","group":"UI"},
			{"id":"E03-8033","value":"Sarah-E03-8033","group":"UI"},
			{"id":"E03-8035","value":"Sarah-E03-8035","group":"UI"},
			{"id":"E03-8036","value":"Sarah-E03-8036","group":"UI"},
			{"id":"E03-8037","value":"Catalin-E03-8037","group":"UI"},
			{"id":"E03-8023","value":"Catalin-E03-8023","group":"UI"},
			{"id":"E03-8038","value":"Catalin-E03-8038","group":"UI"},
			{"id":"E03-8039","value":"Catalin-E03-8039","group":"UI"},
			{"id":"E03-8042","value":"Edith-E03-8042","group":"BA"},
			{"id":"E03-8043","value":"Edith-E03-8043","group":"BA"},
			{"id":"E03-8044","value":"Edith-E03-8044","group":"BA"},
			{"id":"E03-8045","value":"Edith-E03-8045","group":"BA"},
			{"id":"E03-8046","value":"Gen-E03-8046","group":"BA"},
			{"id":"E03-8047","value":"Gen-E03-8047","group":"BA"},
			{"id":"E03-8048","value":"Gen-E03-8048","group":"BA"},
			{"id":"E03-8049","value":"Gen-E03-8049","group":"BA"}
		]
	}
}