{"policies" :
[
	{"id":"E03-8012","value":"Line-E03-8012","group":"BA"},
	{"id":"E03-8014","value":"Line-E03-8014","group":"BA"},
	{"id":"E03-8015","value":"Line-E03-8015","group":"BA"},
	{"id":"E03-8016","value":"Line-E03-8016","group":"BA"},
	{"id":"E03-8027","value":"Patrick-E03-8027","group":"REST"},
	{"id":"E03-8028","value":"Patrick-E03-8028","group":"REST"},
	{"id":"E03-8029","value":"Patrick-E03-8029","group":"REST"},
	{"id":"E03-8030","value":"Patrick-E03-8030","group":"REST"},
	{"id":"E03-8019","value":"Bruno-E03-8019","group":"REST"},
	{"id":"E03-8021","value":"Bruno-E03-8021","group":"REST"},
	{"id":"E03-8025","value":"Bruno-E03-8025","group":"REST"},
	{"id":"E03-8026","value":"Bruno-E03-8026","group":"REST"},
	{"id":"E03-8017","value":"Steph-E03-8017","group":"REST"},
	{"id":"E03-8018","value":"Steph-E03-8018","group":"REST"},
	{"id":"E03-8050","value":"Guyl-E03-8050","group":"REST"},
	{"id":"E03-8053","value":"Guyl-E03-8053","group":"REST"},
	{"id":"E03-8032","value":"Sarah-E03-8032","group":"UI"},
	{"id":"E03-8033","value":"Sarah-E03-8033","group":"UI"},
	{"id":"E03-8035","value":"Sarah-E03-8035","group":"UI"},
	{"id":"E03-8036","value":"Sarah-E03-8036","group":"UI"},
	{"id":"E03-8037","value":"Catalin-E03-8037","group":"UI"},
	{"id":"E03-8023","value":"Catalin-E03-8023","group":"UI"},
	{"id":"E03-8038","value":"Catalin-E03-8038","group":"UI"},
	{"id":"E03-8039","value":"Catalin-E03-8039","group":"UI"},
	{"id":"E03-8042","value":"Edith-E03-8042","group":"BA"},
	{"id":"E03-8043","value":"Edith-E03-8043","group":"BA"},
	{"id":"E03-8044","value":"Edith-E03-8044","group":"BA"},
	{"id":"E03-8045","value":"Edith-E03-8045","group":"BA"},
	{"id":"E03-8046","value":"Gen-E03-8046","group":"BA"},
	{"id":"E03-8047","value":"Gen-E03-8047","group":"BA"},
	{"id":"E03-8048","value":"Gen-E03-8048","group":"BA"},
	{"id":"E03-8049","value":"Gen-E03-8049","group":"BA"}
]
}