<?xml version="1.0" encoding="UTF-8"?>
<settings xmlns="http://maven.apache.org/SETTINGS/1.0.0" 
          xmlns:xsi="http://www.w3.org/2001/XMLSchema-instance" 
          xsi:schemaLocation="http://maven.apache.org/SETTINGS/1.0.0 http://maven.apache.org/xsd/settings-1.0.0.xsd">
	<servers>
		<server>
			<id>nexus</id>
			<username>J+Bsa55B</username>
			<password>JKC35dokpHUObpYGRN2vzY64+cePriatrqgNuPz69fYG</password>
		</server>
		<server>
			<id>intact-releases</id>
			<username>J+Bsa55B</username>
			<password>JKC35dokpHUObpYGRN2vzY64+cePriatrqgNuPz69fYG</password>
		</server>
		<server>
			<id>intact-snapshots</id>
			<username>J+Bsa55B</username>
			<password>JKC35dokpHUObpYGRN2vzY64+cePriatrqgNuPz69fYG</password>
		</server>
		<server>
			<id>intact-site</id>
			<username>J+Bsa55B</username>
			<password>JKC35dokpHUObpYGRN2vzY64+cePriatrqgNuPz69fYG</password>
		</server>
	</servers>
	<mirrors>
		<mirror>
			<!--This sends everything else to /public -->
			<id>nexus</id>
			<mirrorOf>*</mirrorOf>
			<url>https://prod-nexus-b2eapp.iad.ca.inet:8443/nexus/content/groups/for-dependencies/</url>
		</mirror>
	</mirrors>
	<profiles>
		<profile>
			<id>nexus</id>
			<repositories>
				<repository>
					<id>central</id>
					<url>http://central</url>
					<releases>
						<enabled>true</enabled>
					</releases>
					<snapshots>
						<enabled>true</enabled>
					</snapshots>
				</repository>
			</repositories>
			<pluginRepositories>
				<pluginRepository>
					<id>central</id>
					<url>http://central</url>
					<releases>
						<enabled>true</enabled>
					</releases>
					<snapshots>
						<enabled>true</enabled>
					</snapshots>
				</pluginRepository>
			</pluginRepositories>
		</profile>
	</profiles>
	<activeProfiles>
		<activeProfile>nexus</activeProfile>
	</activeProfiles>
	<pluginGroups>
		<pluginGroup>org.sonatype.plugins</pluginGroup>
		<pluginGroup>intact.devtools.maven-plugins</pluginGroup>
	</pluginGroups>
</settings>
