<assembly
	xmlns="http://maven.apache.org/plugins/maven-assembly-plugin/assembly/1.1.0"
	xmlns:xsi="http://www.w3.org/2001/XMLSchema-instance"
	xsi:schemaLocation="http://maven.apache.org/plugins/maven-assembly-plugin/assembly/1.1.0 http://maven.apache.org/xsd/assembly-1.1.0.xsd">
	<id>belair</id>
	<formats>
		<format>zip</format>
	</formats>
	<fileSets>
		<fileSet>
			<directory>target/belair/</directory>
			<outputDirectory>/</outputDirectory>
				<excludes>
					<exclude>**/WEB-INF/**</exclude>
					<exclude>**/META-INF/**</exclude>
					<exclude>.jazzignore</exclude>
				</excludes>
		</fileSet>
	</fileSets>
	<baseDirectory/>
</assembly>