<?xml version="1.0" encoding="UTF-8"?>
<!-- ~ Important notice: This software is the sole property of Intact Insurance 
	and cannot be distributed and/or copied ~ without the written permission 
	of Intact Insurance ~ ~ Copyright (c) 2013 Intact Insurance, All rights reserved. -->
<beans xmlns="http://www.springframework.org/schema/beans"
	xmlns:xsi="http://www.w3.org/2001/XMLSchema-instance" xmlns:context="http://www.springframework.org/schema/context"
	xmlns:jee="http://www.springframework.org/schema/jee"
	xsi:schemaLocation="http://www.springframework.org/schema/beans http://www.springframework.org/schema/beans/spring-beans.xsd
						   http://www.springframework.org/schema/context http://www.springframework.org/schema/context/spring-context.xsd
						   http://www.springframework.org/schema/jee http://www.springframework.org/schema/jee/spring-jee.xsd">

		<!-- property placeholder post-processor -->
	<bean id="soaraaPlaceholderConfig"
		class="org.springframework.beans.factory.config.PropertyPlaceholderConfigurer">
		<property name="location" value="classpath:soa-tmp-services.properties" />
		<property name="placeholderPrefix" value="${" />
		<property name="placeholderSuffix" value="}" />
		<property name="ignoreUnresolvablePlaceholders" value="true" />
	</bean>
	
	<!-- JPA Entity Manager Factory -->
	<bean id="soaraaEntityManagerFactory"
		class="org.springframework.orm.jpa.LocalContainerEntityManagerFactoryBean">
		<property name="persistenceXmlLocation" value="classpath:META-INF/soaraa_persistence_unit.xml" />
		<property name="persistenceUnitName" value="soaraa_persistence_unit" />
		<property name="jpaVendorAdapter" ref="hibernateAdapter" />
		<property name="dataSource" ref="soaraaDataSource" />
		<property name="jpaPropertyMap">
			<map>
				<entry key="hibernate.connection.autocommit" value="false" />
				<entry key="hibernate.max_fetch_depth" value="2" />
				<entry key="hibernate.default_batch_fetch_size" value="1" />
				<entry key="hibernate.generate_statistics" value="false" />
				<entry key="hibernate.format_sql" value="${hibernateAdapter.format_sql}" />
				<entry key="hibernate.use_sql_comments" value="false" />
				<!-- How many records should be retrieved at a time by the jdbc driver? 
					 Reduce network communications between jdbc driver and Oracle -->
				<entry key="hibernate.jdbc.fetch_size" value="1" />
				<!-- Size of jdbc batch updates.
					 Reduce network communications between jdbc driver and Oracle -->
				<entry key="hibernate.jdbc.batch_size" value="1" />
			</map>
		</property>
		<property name="persistenceUnitPostProcessors">
			<bean class="com.intact.soa.raa.stereotype.JtaPersistenceUnitPostProcessor">
				<property name="jtaDataSource" ref="soaraaDataSource" />
			</bean>
		</property>
	</bean>
	
	<!-- JPA Adapter -->
	<bean id="hibernateAdapter"
		class="org.springframework.orm.jpa.vendor.HibernateJpaVendorAdapter">
		<property name="showSql" value="${hibernateAdapter.showSql}" />
		<property name="generateDdl" value="false" />
		<property name="databasePlatform" value="org.hibernate.dialect.Oracle10gDialect" />
	</bean>
	
	
	<!-- Datasource -->
	<jee:jndi-lookup id="soaraaDataSource" jndi-name="${raa-dataSource.jndi-name}" resource-ref="false" />
	
	<!-- JdbcTemplate for DAOs requiring JDBC access -->
	<bean id="soaraajdbcTemplate" class="org.springframework.jdbc.core.JdbcTemplate">
		<property name="dataSource" ref="soaraaDataSource" />
	</bean>
	
	<!-- spring application context -->
	<bean id="applicationContextHolder" class="com.intact.soa.raa.stereotype.ApplicationContextHolder" scope="singleton" />
		
	<!-- Bean annotation scanning -->
	<context:annotation-config />
	<context:component-scan base-package="com.intact.soa.raa.authentication.service"/>
	<context:component-scan base-package="com.intact.soa.raa.authentication.dao"/>
	<context:component-scan base-package="com.intact.soa.utility.sas.repository.retrieveprofile.controller"/>
	<context:component-scan base-package="com.intact.soa.utility.sas.repository.token.controller"/>
	<context:component-scan base-package="com.intact.soa.utility.sas.repository.modifysystemaccessor.controller"/>
</beans>