<?xml version="1.0" encoding="UTF-8"?>
<persistence xmlns="http://java.sun.com/xml/ns/persistence"
			 xmlns:xsi="http://www.w3.org/2001/XMLSchema-instance"
			 xsi:schemaLocation="http://java.sun.com/xml/ns/persistence http://java.sun.com/xml/ns/persistence/persistence_1_0.xsd"
			 version="1.0">

	<persistence-unit name="soaraa_persistence_unit" transaction-type="JTA">
		<class>com.intact.raa.domain.authentication.Authentication</class>
		<class>com.intact.raa.domain.authentication.AuthenticationClientRel</class>
		<class>com.intact.raa.domain.authentication.AuthenticationCookie</class>
		<class>com.intact.raa.domain.authentication.ClientRegistrationEvent</class>
		<class>com.intact.raa.domain.authentication.ClientRegistrationRestriction</class>
		<class>com.intact.raa.domain.authentication.EmailToken</class>
		<exclude-unlisted-classes></exclude-unlisted-classes>

		<properties>
			<property name="hibernate.default_schema" value="RAAADMIN" />
			<property name="hibernate.transaction.jta.platform" value="org.hibernate.engine.transaction.jta.platform.internal.WebSphereExtendedJtaPlatform" />
			<property name="hibernate.ejb.interceptor" value="com.intact.soa.raa.interceptor.UppercaseStringInterceptor"/>
		</properties>
	</persistence-unit>
</persistence>